nom,ref,url,composition,proteines,matieres_grasses,cellulose,cendres,humidite,calcium,phosphore,sodium
"EUKANUBA croquettes pour chien, adulte, grande taille, Poulet 15 kg",,https://www.maxizoo.fr/p/eukanuba-croquettes-pour-chien-adulte-grande-taille-poulet-15-kg-2249437/,,,,,,,,,
FIT+FUN Croquettes Croc 15 kg,,https://www.maxizoo.fr/p/fitfun-croquettes-croc-15-kg-1001097001/,,,,,,,,,
Hill's Prescription Diet Derm Complete 12 kg,,https://www.maxizoo.fr/p/hills-prescription-diet-derm-complete-12-kg-1349301/,,,,,,,,,
Hill's Prescription Diet Gastrointestinal Biome Digestive/Fibre Care 10 kg,,https://www.maxizoo.fr/p/hills-prescription-diet-gastrointestinal-biome-digestivefibre-care-10-kg-1324244/,,,,,,,,,
"Hill's Prescription Diet i/d Croquettes pour chiens, Adultes, au poulet pour soutenir la digestion 4 kg",,https://www.maxizoo.fr/p/hills-prescription-diet-id-croquettes-pour-chiens-adultes-au-poulet-pour-soutenir-la-digestion-4-kg-1376318/,,,,,,,,,
"MultiFit Benissimo Croquettes Chien Adulte, avec Bœuf & Légumes 12 kg",,https://www.maxizoo.fr/p/multifit-benissimo-croquettes-chien-adulte-avec-buf--lgumes-12-kg-1013529/,,,,,,,1.5,,
"MultiFit Croquettes Chien Adulte, Maxi, avec Volaille & Carotte 12 kg",,https://www.maxizoo.fr/p/multifit-croquettes-chien-adulte-maxi-avec-volaille--carotte-12-kg-1001467007/,,,,,,,,,
"MultiFit Croquettes Chien Junior, avec Volaille & Riz 2,5 kg",,https://www.maxizoo.fr/p/multifit-croquettes-chien-junior-avec-volaille--riz-25-kg-2961806/,,,,,,,,,
"MultiFit Croquettes Chien Junior, Maxi, avec Volaille & Riz 12 kg",,https://www.maxizoo.fr/p/multifit-croquettes-chien-junior-maxi-avec-volaille--riz-12-kg-1001467006/,,,,,,,,,
"MultiFit Croquettes pour chien adulte, au volaille & carotte 12 kg",,https://www.maxizoo.fr/p/multifit-croquettes-pour-chien-adulte-au-volaille--carotte-12-kg-1001467002/,,,,,,,,,
"MultiFit nourriture sèche pour chien senior Poulet et riz 2,5 kg",,https://www.maxizoo.fr/p/multifit-nourriture-sche-pour-chien-senior-poulet-et-riz-25-kg-2639806/,,,,,,,,,
"MultiFit nourriture sèche pour chien Sensitive Adult avec agneau, volaille & riz 12 kg",,https://www.maxizoo.fr/p/multifit-nourriture-sche-pour-chien-sensitive-adult-avec-agneau-volaille--riz-12-kg-1001467001/,,,,,,,,,
Orijen Croquettes chien Original Adult 2 kg,,https://www.maxizoo.fr/p/orijen-croquettes-chien-original-adult-2-kg-1261018/,,,,,,,,,
PREMIERE Croquettes Chien Best Meat Junior Volaille 1 kg,,https://www.maxizoo.fr/p/premiere-croquettes-chien-best-meat-junior-volaille-1-kg-1083967001/,,,,,,,,,
PREMIERE Croquettes Chien Best Meat Senior Volaille 1 kg,,https://www.maxizoo.fr/p/premiere-croquettes-chien-best-meat-senior-volaille-1-kg-1226336001/,,,,,,,,,
PREMIERE Croquettes moelleuses Junior Volaille 4 kg,,https://www.maxizoo.fr/p/premiere-croquettes-moelleuses-junior-volaille-4-kg-1127877/,,,,,,,,,
PREMIERE Croquettes moelleuses pour chien adulte Volaille 1 kg,,https://www.maxizoo.fr/p/premiere-croquettes-moelleuses-pour-chien-adulte-volaille-1-kg-1127876/,,,,,,,,,
PREMIERE Croquettes pour chien Best Meat Adult Mini Volaille 1 kg,,https://www.maxizoo.fr/p/premiere-croquettes-pour-chien-best-meat-adult-mini-volaille-1-kg-1226336003/,,,,,,,,,
PREMIERE Croquettes semi-humides pour chien adulte Mini Volaille 1 kg,,https://www.maxizoo.fr/p/premiere-croquettes-semi-humides-pour-chien-adulte-mini-volaille-1-kg-1255517/,,,,,,,,,
PREMIERE Croquettes Sensitive pour chien adulte Agneau 4 kg,,https://www.maxizoo.fr/p/premiere-croquettes-sensitive-pour-chien-adulte-agneau-4-kg-1248860001/,,,,,,,,,
PREMIERE Croquettes Sensitive pour chien adulte sans céréales Poulet et pommes de terre 4 kg,,https://www.maxizoo.fr/p/premiere-croquettes-sensitive-pour-chien-adulte-sans-crales-poulet-et-pommes-de-terre-4-kg-1301661/,,,,,,,,,
"PREMIERE RAW KITCHEN Flocons de millet et d'avoine aux légumes 1,5 kg",,https://www.maxizoo.fr/p/premiere-raw-kitchen-flocons-de-millet-et-davoine-aux-lgumes-15-kg-1334711/,,,,,,,,,
"PREMIERE RAW KITCHEN Flocons de Pomme de terre aux légumes 1,5 kg",,https://www.maxizoo.fr/p/premiere-raw-kitchen-flocons-de-pomme-de-terre-aux-lgumes-15-kg-1295545/,,,,,,,,,
"PREMIERE RAW KITCHEN Flocons de Riz aux Légumes 1,5 kg",,https://www.maxizoo.fr/p/premiere-raw-kitchen-flocons-de-riz-aux-lgumes-15-kg-1295544/,,,,,,,,,
PREMIERE RAW KITCHEN Mélange de fruits et de légumes aux herbes 500 g,,https://www.maxizoo.fr/p/premiere-raw-kitchen-mlange-de-fruits-et-de-lgumes-aux-herbes-500-g-1295542/,,,,,,,,,
PREMIERE RAW KITCHEN Mélange de Légumes basique 500 g,,https://www.maxizoo.fr/p/premiere-raw-kitchen-mlange-de-lgumes-basique-500-g-1295543/,,,,,,,,,
PREMIERE RAW KITCHEN Mélange de légumes et fruits 500 g,,https://www.maxizoo.fr/p/premiere-raw-kitchen-mlange-de-lgumes-et-fruits-500-g-1334260/,,,,,,,,,
PRO PLAN Adulte Medium Sensitive Skin 3 kg,,https://www.maxizoo.fr/p/pro-plan-adulte-medium-sensitive-skin-3-kg-1206416/,,,,,,,,,
PRO PLAN All Sizes Adult Light/ Sterilised au poulet 7 kg,,https://www.maxizoo.fr/p/pro-plan-all-sizes-adult-light-sterilised-au-poulet-7-kg-1209738/,,,,,,,,,
PRO PLAN Puppy Medium Healthy Start Poulet 3 kg,,https://www.maxizoo.fr/p/pro-plan-puppy-medium-healthy-start-poulet-3-kg-1206411/,,,,,,,,,
REAL NATURE Country Scandinavia Saumon et renne 12 kg,,https://www.maxizoo.fr/p/real-nature-country-scandinavia-saumon-et-renne-12-kg-1237420002/,,,,,,,,,
REAL NATURE Country Selection Alpine Dinde et bœuf alpin 1 kg,,https://www.maxizoo.fr/p/real-nature-country-selection-alpine-dinde-et-buf-alpin-1-kg-1237409003/,,,,,,,,,
REAL NATURE Country Selection Alpine dindon et bœuf alpin 1 kg,,https://www.maxizoo.fr/p/real-nature-country-selection-alpine-dindon-et-buf-alpin-1-kg-1237409002/,,,,,,,,,
REAL NATURE Country Selection Irish Green agneau irlandais au canard 12 kg,,https://www.maxizoo.fr/p/real-nature-country-selection-irish-green-agneau-irlandais-au-canard-12-kg-1337219/,,,,,,,,,
REAL NATURE COUNTRY SELECTION Mediterran buffle et bœuf 1 kg,,https://www.maxizoo.fr/p/real-nature-country-selection-mediterran-buffle-et-buf-1-kg-1237409006/,,,,,,,,,
REAL NATURE Country Selection Mini Adult Scandinavie 1 kg,,https://www.maxizoo.fr/p/real-nature-country-selection-mini-adult-scandinavie-1-kg-1237409001/,,,,,,,,,
REAL NATURE Original Adult Bœuf au Canard 12 kg,,https://www.maxizoo.fr/p/real-nature-original-adult-buf-au-canard-12-kg-1347540/,,,,,,,,,
REAL NATURE WILDERNESS Adult Pure Beef 1 kg,,https://www.maxizoo.fr/p/real-nature-wilderness-adult-pure-beef-1-kg-1373890/,,,,,,,,,
REAL NATURE WILDERNESS Adulte Pur Saumon 1 kg,,https://www.maxizoo.fr/p/real-nature-wilderness-adulte-pur-saumon-1-kg-1373905/,,,,,,,,,
REAL NATURE WILDERNESS Adulte Pure Agneau 1 kg,,https://www.maxizoo.fr/p/real-nature-wilderness-adulte-pure-agneau-1-kg-1259583003/,,,,,,,,,
REAL NATURE WILDERNESS Adulte Pure Chicken 12 kg,,https://www.maxizoo.fr/p/real-nature-wilderness-adulte-pure-chicken-12-kg-1259585001/,,,,,,,,,
REAL NATURE WILDERNESS Adulte Pure Duck 1 kg,,https://www.maxizoo.fr/p/real-nature-wilderness-adulte-pure-duck-1-kg-1259583002/,,,,,,,,,
REAL NATURE WILDERNESS Black Earth Bœuf & buffle 1 kg,,https://www.maxizoo.fr/p/real-nature-wilderness-black-earth-buf--buffle-1-kg-1083996009/,,,,,,,,,
REAL NATURE WILDERNESS bœuf et chèvre 1 kg,,https://www.maxizoo.fr/p/real-nature-wilderness-buf-et-chvre-1-kg-1083996012/,,,,,,,,,
"REAL NATURE WILDERNESS Croquettes pour chien, Adulte, Great Outback Lapin, Kangourou et Bœuf 4 kg",,https://www.maxizoo.fr/p/real-nature-wilderness-croquettes-pour-chien-adulte-great-outback-lapin-kangourou-et-buf-4-kg-1083997010/,,,,,,,,,
"REAL NATURE WILDERNESS Dark Fjord Cerf, saumon et canard 1 kg",,https://www.maxizoo.fr/p/real-nature-wilderness-dark-fjord-cerf-saumon-et-canard-1-kg-1083996006/,,27,,,8.2,,,,
REAL NATURE WILDERNESS Dark Wood Agneau avec Gibier 1 kg,,https://www.maxizoo.fr/p/real-nature-wilderness-dark-wood-agneau-avec-gibier-1-kg-1307227/,,,,,,,,,
REAL NATURE WILDERNESS Fresh Water Adult Poisson 1 kg,,https://www.maxizoo.fr/p/real-nature-wilderness-fresh-water-adult-poisson-1-kg-1083996003/,,,,,,,,,
REAL NATURE WILDERNESS Golden Peak Oie et canard 1 kg,,https://www.maxizoo.fr/p/real-nature-wilderness-golden-peak-oie-et-canard-1-kg-1302407/,,,,,,,,,
REAL NATURE WILDERNESS Junior True Country poulet au poisson 1 kg,,https://www.maxizoo.fr/p/real-nature-wilderness-junior-true-country-poulet-au-poisson-1-kg-1083996001/,,,,,,,,,
REAL NATURE WILDERNESS Junior Wild Valley Cheval et bœuf 1 kg,,https://www.maxizoo.fr/p/real-nature-wilderness-junior-wild-valley-cheval-et-buf-1-kg-1083996011/,,,,,,,,,
REAL NATURE WILDERNESS Maxi Adult Black Bœuf à l'autruche et au buffle 4 kg,,https://www.maxizoo.fr/p/real-nature-wilderness-maxi-adult-black-buf--lautruche-et-au-buffle-4-kg-1266121001/,,,,,,,,,
"REAL NATURE WILDERNESS Maxi Adult Wide Savannah avec sanglier, agneau et canard 12 kg",,https://www.maxizoo.fr/p/real-nature-wilderness-maxi-adult-wide-savannah-avec-sanglier-agneau-et-canard-12-kg-1083998010/,,,,,,,,,
REAL NATURE WILDERNESS Maxi Junior Pur Canard 4 kg,,https://www.maxizoo.fr/p/real-nature-wilderness-maxi-junior-pur-canard-4-kg-1297082/,,,,,,,,,
REAL NATURE WILDERNESS Mini Adult Green Coast canard au saumon et aux crevettes 1 kg,,https://www.maxizoo.fr/p/real-nature-wilderness-mini-adult-green-coast-canard-au-saumon-et-aux-crevettes-1-kg-1083996008/,,,,,,,,,
REAL NATURE WILDERNESS Mini Rocky Hills Bœuf & Chèvre 1 kg,,https://www.maxizoo.fr/p/real-nature-wilderness-mini-rocky-hills-buf--chvre-1-kg-1083996013/,,,,,,,,,
REAL NATURE WILDERNESS Senior Dark Fjord Cerf et saumon 4 kg,,https://www.maxizoo.fr/p/real-nature-wilderness-senior-dark-fjord-cerf-et-saumon-4-kg-1322432/,,,,,,,,1.1,
REAL NATURE WILDERNESS Senior True Country Poulet au poisson 1 kg,,https://www.maxizoo.fr/p/real-nature-wilderness-senior-true-country-poulet-au-poisson-1-kg-1083996007/,,,,,,,,,
REAL NATURE WILDERNESS True Country Adult Poulet au poisson 1 kg,,https://www.maxizoo.fr/p/real-nature-wilderness-true-country-adult-poulet-au-poisson-1-kg-1083996002/,,,,,,,,,
REAL NATURE WILDERNESS Wide Savannah Sanglier avec agneau et canard 1 kg,,https://www.maxizoo.fr/p/real-nature-wilderness-wide-savannah-sanglier-avec-agneau-et-canard-1-kg-1083996004/,,,,,,,,,
REAL NATURE WILDERNESS Wild Valley Cheval et bœuf 4 kg,,https://www.maxizoo.fr/p/real-nature-wilderness-wild-valley-cheval-et-buf-4-kg-1083997005/,,,,,,,,,
ROYAL CANIN Club Special Performance Adulte CC Croquettes Chien 15 kg,,https://www.maxizoo.fr/p/royal-canin-club-special-performance-adulte-cc-croquettes-chien-15-kg-1002565004/,,,,,,,,,
"ROYAL CANIN Giant Chiot Croquettes Chien 3,5 kg",,https://www.maxizoo.fr/p/royal-canin-giant-chiot-croquettes-chien-35-kg-1278345/,,,,,,,,,
